"ID";"Name";"DateTime_Created";"DateTime_Modified"
1;"O dau SRL";"2020-04-02 10:16:16";"2020-04-02 10:16:16"
2;"Fac servicii SRL";"2020-04-02 10:16:39";"2020-04-02 10:16:39"
3;"Nu lucrez SRL";"2020-04-02 10:16:56";"2020-04-02 10:16:56"
6;"Mi se face raau";"2020-04-04 16:23:03";"2020-04-04 16:23:03"
7;"O Iau2 SRL";"2020-04-04 16:41:12";"2020-04-04 16:41:12"
8;"Hotomolea";"2020-04-04 21:08:38";"2020-04-04 21:08:38"
34;"TestInstModified1";"2020-04-10 10:00:52";"2020-04-10 10:03:12"
35;"Moto";"2020-04-10 14:32:14";"2020-04-10 14:32:14"
36;"Moto1";"2020-04-10 14:58:31";"2020-04-10 14:58:31"
37;"Moto11";"2020-04-10 15:07:07";"2020-04-10 15:07:07"
38;"Mototest";"2020-04-10 17:30:32";"2020-04-10 17:30:32"
